{
    "title": "assessments",
    "type": "object",
    "properties": {
        "id": {
            "type": "integer",
            "description": "Primary key, auto-increment"
        },
        "church_id": {
            "type": "integer",
            "description": "Related church ID"
        },
        "title": {
            "type": "string",
            "description": "Assessment title"
        },
        "category": {
            "type": "string",
            "description": "Category: worship, leadership, systems, growth, community"
        },
        "score": {
            "type": "integer",
            "description": "Overall score 0-100"
        },
        "responses": {
            "type": "string",
            "description": "JSON string of survey responses"
        },
        "recommendations": {
            "type": "string",
            "description": "Assessment recommendations"
        },
        "completed_at": {
            "type": "string",
            "description": "Completion timestamp"
        },
        "user_id": {
            "type": "string",
            "description": "User ID"
        },
        "created_at": {
            "type": "string",
            "description": "Creation timestamp"
        }
    },
    "required": [
        "id",
        "church_id",
        "title",
        "category",
        "score",
        "user_id",
        "created_at"
    ]
}