{
    "title": "churches",
    "type": "object",
    "properties": {
        "id": {
            "type": "integer",
            "description": "Primary key, auto-increment"
        },
        "name": {
            "type": "string",
            "description": "Church name"
        },
        "pastor_name": {
            "type": "string",
            "description": "Lead pastor name"
        },
        "email": {
            "type": "string",
            "description": "Church contact email"
        },
        "phone": {
            "type": "string",
            "description": "Church contact phone"
        },
        "address": {
            "type": "string",
            "description": "Street address"
        },
        "city": {
            "type": "string",
            "description": "City"
        },
        "state": {
            "type": "string",
            "description": "State"
        },
        "size": {
            "type": "string",
            "description": "Church size range"
        },
        "status": {
            "type": "string",
            "description": "Client status: active, inactive, prospect"
        },
        "user_id": {
            "type": "string",
            "description": "User ID from authentication"
        },
        "created_at": {
            "type": "string",
            "description": "Creation timestamp"
        },
        "updated_at": {
            "type": "string",
            "description": "Last update timestamp"
        }
    },
    "required": [
        "id",
        "name",
        "email",
        "user_id",
        "created_at"
    ]
}