{
    "title": "courses",
    "type": "object",
    "properties": {
        "id": {
            "type": "integer",
            "description": "Primary key, auto-increment"
        },
        "title": {
            "type": "string",
            "description": "Course title"
        },
        "description": {
            "type": "string",
            "description": "Course description"
        },
        "thumbnail_url": {
            "type": "string",
            "description": "Course thumbnail image URL"
        },
        "instructor_id": {
            "type": "string",
            "description": "Instructor user ID"
        },
        "category": {
            "type": "string",
            "description": "Course category"
        },
        "difficulty_level": {
            "type": "string",
            "description": "Difficulty level: beginner, intermediate, advanced"
        },
        "duration_hours": {
            "type": "number",
            "description": "Course duration in hours"
        },
        "price": {
            "type": "number",
            "description": "Course price"
        },
        "is_published": {
            "type": "boolean",
            "description": "Publication status"
        },
        "created_at": {
            "type": "string",
            "description": "Creation timestamp"
        },
        "updated_at": {
            "type": "string",
            "description": "Last update timestamp"
        }
    },
    "required": [
        "id",
        "title",
        "instructor_id"
    ]
}