{
    "title": "discussions",
    "type": "object",
    "properties": {
        "id": {
            "type": "integer",
            "description": "Primary key, auto-increment"
        },
        "course_id": {
            "type": "integer",
            "description": "Foreign key to courses table"
        },
        "lesson_id": {
            "type": "integer",
            "description": "Foreign key to lessons table, nullable for course-wide discussions"
        },
        "user_id": {
            "type": "string",
            "description": "User ID who created the discussion"
        },
        "title": {
            "type": "string",
            "description": "Discussion title"
        },
        "content": {
            "type": "string",
            "description": "Discussion content in markdown format"
        },
        "is_pinned": {
            "type": "boolean",
            "description": "Whether discussion is pinned by instructor"
        },
        "is_resolved": {
            "type": "boolean",
            "description": "Whether discussion is marked as resolved"
        },
        "upvotes": {
            "type": "integer",
            "description": "Number of upvotes"
        },
        "created_at": {
            "type": "string",
            "description": "Creation timestamp"
        },
        "updated_at": {
            "type": "string",
            "description": "Last update timestamp"
        }
    },
    "required": [
        "id",
        "course_id",
        "user_id",
        "title",
        "content"
    ]
}