{
    "title": "discussion_notifications",
    "type": "object",
    "properties": {
        "id": {
            "type": "integer",
            "description": "Primary key, auto-increment"
        },
        "user_id": {
            "type": "string",
            "description": "User ID to receive notification"
        },
        "discussion_id": {
            "type": "integer",
            "description": "Foreign key to discussions table"
        },
        "reply_id": {
            "type": "integer",
            "description": "Foreign key to discussion_replies table, nullable"
        },
        "notification_type": {
            "type": "string",
            "description": "Type: new_reply, instructor_response, upvote, mention"
        },
        "is_read": {
            "type": "boolean",
            "description": "Whether notification has been read"
        },
        "created_at": {
            "type": "string",
            "description": "Creation timestamp"
        }
    },
    "required": [
        "id",
        "user_id",
        "discussion_id",
        "notification_type"
    ]
}