{
    "title": "discussion_replies",
    "type": "object",
    "properties": {
        "id": {
            "type": "integer",
            "description": "Primary key, auto-increment"
        },
        "discussion_id": {
            "type": "integer",
            "description": "Foreign key to discussions table"
        },
        "parent_reply_id": {
            "type": "integer",
            "description": "Foreign key to discussion_replies for nested replies, nullable"
        },
        "user_id": {
            "type": "string",
            "description": "User ID who created the reply"
        },
        "content": {
            "type": "string",
            "description": "Reply content in markdown format"
        },
        "upvotes": {
            "type": "integer",
            "description": "Number of upvotes"
        },
        "is_instructor_response": {
            "type": "boolean",
            "description": "Whether reply is from course instructor"
        },
        "created_at": {
            "type": "string",
            "description": "Creation timestamp"
        },
        "updated_at": {
            "type": "string",
            "description": "Last update timestamp"
        }
    },
    "required": [
        "id",
        "discussion_id",
        "user_id",
        "content"
    ]
}