{
    "title": "discussion_upvotes",
    "type": "object",
    "properties": {
        "id": {
            "type": "integer",
            "description": "Primary key, auto-increment"
        },
        "discussion_id": {
            "type": "integer",
            "description": "Foreign key to discussions table, nullable"
        },
        "reply_id": {
            "type": "integer",
            "description": "Foreign key to discussion_replies table, nullable"
        },
        "user_id": {
            "type": "string",
            "description": "User ID who upvoted"
        },
        "created_at": {
            "type": "string",
            "description": "Creation timestamp"
        }
    },
    "required": [
        "id",
        "user_id"
    ]
}