{
    "title": "events",
    "type": "object",
    "properties": {
        "id": {
            "type": "integer",
            "description": "Primary key, auto-increment"
        },
        "title": {
            "type": "string",
            "description": "Event title"
        },
        "description": {
            "type": "string",
            "description": "Event description"
        },
        "event_type": {
            "type": "string",
            "description": "Type: workshop, cohort, webinar, conference"
        },
        "start_date": {
            "type": "string",
            "description": "Event start date"
        },
        "end_date": {
            "type": "string",
            "description": "Event end date"
        },
        "location": {
            "type": "string",
            "description": "Event location"
        },
        "capacity": {
            "type": "integer",
            "description": "Maximum attendees"
        },
        "price": {
            "type": "integer",
            "description": "Price in cents"
        },
        "status": {
            "type": "string",
            "description": "Status: upcoming, ongoing, completed, cancelled"
        },
        "image_url": {
            "type": "string",
            "description": "Event image URL"
        },
        "created_at": {
            "type": "string",
            "description": "Creation timestamp"
        },
        "updated_at": {
            "type": "string",
            "description": "Last update timestamp"
        }
    },
    "required": [
        "id",
        "title",
        "event_type",
        "start_date",
        "status",
        "created_at"
    ]
}