{
    "title": "lessons",
    "type": "object",
    "properties": {
        "id": {
            "type": "integer",
            "description": "Primary key, auto-increment"
        },
        "module_id": {
            "type": "integer",
            "description": "Foreign key to modules table"
        },
        "title": {
            "type": "string",
            "description": "Lesson title"
        },
        "description": {
            "type": "string",
            "description": "Lesson description"
        },
        "content": {
            "type": "string",
            "description": "Lesson content in HTML/markdown"
        },
        "video_url": {
            "type": "string",
            "description": "Video URL"
        },
        "duration_minutes": {
            "type": "integer",
            "description": "Lesson duration in minutes"
        },
        "order_index": {
            "type": "integer",
            "description": "Display order"
        },
        "created_at": {
            "type": "string",
            "description": "Creation timestamp"
        },
        "updated_at": {
            "type": "string",
            "description": "Last update timestamp"
        }
    },
    "required": [
        "id",
        "module_id",
        "title"
    ]
}