{
    "title": "messages",
    "type": "object",
    "properties": {
        "id": {
            "type": "integer",
            "description": "Primary key, auto-increment"
        },
        "church_id": {
            "type": "integer",
            "description": "Related church ID"
        },
        "sender_type": {
            "type": "string",
            "description": "Sender type: admin, client"
        },
        "subject": {
            "type": "string",
            "description": "Message subject"
        },
        "content": {
            "type": "string",
            "description": "Message content"
        },
        "read": {
            "type": "boolean",
            "description": "Read status"
        },
        "user_id": {
            "type": "string",
            "description": "User ID"
        },
        "created_at": {
            "type": "string",
            "description": "Creation timestamp"
        }
    },
    "required": [
        "id",
        "church_id",
        "sender_type",
        "content",
        "user_id",
        "created_at"
    ]
}