{
    "title": "modules",
    "type": "object",
    "properties": {
        "id": {
            "type": "integer",
            "description": "Primary key, auto-increment"
        },
        "course_id": {
            "type": "integer",
            "description": "Foreign key to courses table"
        },
        "title": {
            "type": "string",
            "description": "Module title"
        },
        "description": {
            "type": "string",
            "description": "Module description"
        },
        "order_index": {
            "type": "integer",
            "description": "Display order"
        },
        "created_at": {
            "type": "string",
            "description": "Creation timestamp"
        },
        "updated_at": {
            "type": "string",
            "description": "Last update timestamp"
        }
    },
    "required": [
        "id",
        "course_id",
        "title"
    ]
}