{
    "title": "projects",
    "type": "object",
    "properties": {
        "id": {
            "type": "integer",
            "description": "Primary key, auto-increment"
        },
        "church_id": {
            "type": "integer",
            "description": "Related church ID"
        },
        "title": {
            "type": "string",
            "description": "Project title"
        },
        "description": {
            "type": "string",
            "description": "Project description"
        },
        "status": {
            "type": "string",
            "description": "Status: planning, in_progress, completed, on_hold"
        },
        "start_date": {
            "type": "string",
            "description": "Project start date"
        },
        "end_date": {
            "type": "string",
            "description": "Project end date"
        },
        "progress": {
            "type": "integer",
            "description": "Progress percentage 0-100"
        },
        "user_id": {
            "type": "string",
            "description": "User ID"
        },
        "created_at": {
            "type": "string",
            "description": "Creation timestamp"
        },
        "updated_at": {
            "type": "string",
            "description": "Last update timestamp"
        }
    },
    "required": [
        "id",
        "church_id",
        "title",
        "status",
        "user_id",
        "created_at"
    ]
}