{
    "title": "proposals",
    "type": "object",
    "properties": {
        "id": {
            "type": "integer",
            "description": "Primary key, auto-increment"
        },
        "lead_id": {
            "type": "integer",
            "description": "Related lead ID"
        },
        "church_id": {
            "type": "integer",
            "description": "Related church ID"
        },
        "title": {
            "type": "string",
            "description": "Proposal title"
        },
        "content": {
            "type": "string",
            "description": "Proposal content"
        },
        "services": {
            "type": "string",
            "description": "JSON string of services"
        },
        "total_amount": {
            "type": "integer",
            "description": "Total amount in cents"
        },
        "status": {
            "type": "string",
            "description": "Status: draft, sent, accepted, rejected"
        },
        "sent_at": {
            "type": "string",
            "description": "Sent timestamp"
        },
        "user_id": {
            "type": "string",
            "description": "User ID"
        },
        "created_at": {
            "type": "string",
            "description": "Creation timestamp"
        },
        "updated_at": {
            "type": "string",
            "description": "Last update timestamp"
        }
    },
    "required": [
        "id",
        "title",
        "status",
        "user_id",
        "created_at"
    ]
}