{
    "title": "registrations",
    "type": "object",
    "properties": {
        "id": {
            "type": "integer",
            "description": "Primary key, auto-increment"
        },
        "event_id": {
            "type": "integer",
            "description": "Related event ID"
        },
        "church_id": {
            "type": "integer",
            "description": "Related church ID"
        },
        "attendee_name": {
            "type": "string",
            "description": "Attendee name"
        },
        "attendee_email": {
            "type": "string",
            "description": "Attendee email"
        },
        "attendee_phone": {
            "type": "string",
            "description": "Attendee phone"
        },
        "payment_status": {
            "type": "string",
            "description": "Payment status: pending, paid, refunded"
        },
        "payment_amount": {
            "type": "integer",
            "description": "Payment amount in cents"
        },
        "stripe_session_id": {
            "type": "string",
            "description": "Stripe checkout session ID"
        },
        "attended": {
            "type": "boolean",
            "description": "Attendance status"
        },
        "user_id": {
            "type": "string",
            "description": "User ID"
        },
        "created_at": {
            "type": "string",
            "description": "Creation timestamp"
        },
        "updated_at": {
            "type": "string",
            "description": "Last update timestamp"
        }
    },
    "required": [
        "id",
        "event_id",
        "attendee_name",
        "attendee_email",
        "payment_status",
        "user_id",
        "created_at"
    ]
}