{
    "title": "resource_downloads",
    "type": "object",
    "properties": {
        "id": {
            "type": "integer",
            "description": "Primary key, auto-increment"
        },
        "resource_id": {
            "type": "integer",
            "description": "ID of the downloaded resource"
        },
        "resource_title": {
            "type": "string",
            "description": "Title of the resource"
        },
        "user_email": {
            "type": "string",
            "description": "Email of the downloader"
        },
        "download_timestamp": {
            "type": "string",
            "description": "ISO timestamp of the download"
        },
        "source": {
            "type": "string",
            "description": "Download source: direct or gated"
        }
    },
    "required": [
        "id",
        "resource_id",
        "resource_title",
        "user_email",
        "source"
    ]
}