{
    "title": "resources",
    "type": "object",
    "properties": {
        "id": {
            "type": "integer",
            "description": "Primary key, auto-increment"
        },
        "title": {
            "type": "string",
            "description": "Resource title"
        },
        "description": {
            "type": "string",
            "description": "Resource description"
        },
        "category": {
            "type": "string",
            "description": "Resource category: guide, template, checklist, video, ebook"
        },
        "file_url": {
            "type": "string",
            "description": "URL or path to the downloadable file"
        },
        "thumbnail_url": {
            "type": "string",
            "description": "URL to thumbnail image"
        },
        "preview_url": {
            "type": "string",
            "description": "URL for preview"
        },
        "downloads": {
            "type": "integer",
            "description": "Download count"
        },
        "is_gated": {
            "type": "boolean",
            "description": "Whether resource requires email capture"
        },
        "topic": {
            "type": "string",
            "description": "Resource topic e.g. church planting, worship, leadership"
        },
        "audience": {
            "type": "string",
            "description": "Target audience e.g. pastors, worship leaders"
        },
        "tags": {
            "type": "string",
            "description": "Comma-separated tags"
        },
        "created_at": {
            "type": "string",
            "format": "date-time",
            "description": "Creation timestamp"
        },
        "updated_at": {
            "type": "string",
            "format": "date-time",
            "description": "Update timestamp"
        }
    },
    "required": [
        "id",
        "title",
        "category"
    ]
}