{
    "title": "tasks",
    "type": "object",
    "properties": {
        "id": {
            "type": "integer",
            "description": "Primary key, auto-increment"
        },
        "lead_id": {
            "type": "integer",
            "description": "Related lead ID"
        },
        "church_id": {
            "type": "integer",
            "description": "Related church ID"
        },
        "title": {
            "type": "string",
            "description": "Task title"
        },
        "description": {
            "type": "string",
            "description": "Task description"
        },
        "due_date": {
            "type": "string",
            "description": "Due date"
        },
        "priority": {
            "type": "string",
            "description": "Priority: low, medium, high, urgent"
        },
        "status": {
            "type": "string",
            "description": "Status: pending, in_progress, completed, cancelled"
        },
        "assigned_to": {
            "type": "string",
            "description": "Assigned user ID"
        },
        "user_id": {
            "type": "string",
            "description": "User ID"
        },
        "created_at": {
            "type": "string",
            "description": "Creation timestamp"
        },
        "updated_at": {
            "type": "string",
            "description": "Last update timestamp"
        }
    },
    "required": [
        "id",
        "title",
        "status",
        "priority",
        "user_id",
        "created_at"
    ]
}