{
    "title": "user_course_progress",
    "type": "object",
    "properties": {
        "id": {
            "type": "integer",
            "description": "Primary key, auto-increment"
        },
        "user_id": {
            "type": "string",
            "description": "User ID"
        },
        "course_id": {
            "type": "integer",
            "description": "Foreign key to courses table"
        },
        "enrollment_date": {
            "type": "string",
            "description": "Enrollment date"
        },
        "completion_percentage": {
            "type": "number",
            "description": "Course completion percentage"
        },
        "last_accessed": {
            "type": "string",
            "description": "Last access timestamp"
        },
        "completed_at": {
            "type": "string",
            "description": "Completion timestamp"
        }
    },
    "required": [
        "id",
        "user_id",
        "course_id"
    ]
}