{
    "title": "user_email_preferences",
    "type": "object",
    "properties": {
        "id": {
            "type": "integer",
            "description": "Primary key, auto-increment"
        },
        "user_id": {
            "type": "string",
            "description": "User ID"
        },
        "email_on_reply": {
            "type": "boolean",
            "description": "Send email when someone replies to user's discussion"
        },
        "email_on_instructor_response": {
            "type": "boolean",
            "description": "Send email when instructor responds"
        },
        "email_on_upvote": {
            "type": "boolean",
            "description": "Send email when someone upvotes user's post"
        },
        "email_on_mention": {
            "type": "boolean",
            "description": "Send email when user is mentioned"
        },
        "digest_frequency": {
            "type": "string",
            "description": "Email frequency: instant, hourly, daily, weekly"
        },
        "last_digest_sent": {
            "type": "string",
            "description": "Last time digest email was sent"
        },
        "created_at": {
            "type": "string",
            "description": "Creation timestamp"
        },
        "updated_at": {
            "type": "string",
            "description": "Last update timestamp"
        }
    },
    "required": [
        "id",
        "user_id"
    ]
}