{
    "title": "user_lesson_progress",
    "type": "object",
    "properties": {
        "id": {
            "type": "integer",
            "description": "Primary key, auto-increment"
        },
        "user_id": {
            "type": "string",
            "description": "User ID"
        },
        "lesson_id": {
            "type": "integer",
            "description": "Foreign key to lessons table"
        },
        "is_completed": {
            "type": "boolean",
            "description": "Completion status"
        },
        "completed_at": {
            "type": "string",
            "description": "Completion timestamp"
        }
    },
    "required": [
        "id",
        "user_id",
        "lesson_id"
    ]
}