[
    {
        "title": "Module 1: Theology of Worship",
        "description": "Foundational understanding of biblical worship principles and doctrinal alignment. Explore the theological foundations that undergird authentic worship leadership, examining Scripture's teaching on worship from Genesis to Revelation.",
        "thumbnail_url": "",
        "instructor_id": "admin",
        "category": "Theology",
        "difficulty_level": "beginner",
        "duration_hours": 4,
        "price": 0,
        "is_published": true,
        "created_at": "2026-02-14 00:00:00",
        "updated_at": "2026-02-14 00:00:00"
    },
    {
        "title": "Module 2: Heart, Character & Calling",
        "description": "Self-assessment, emotional health, and mentor relationship development. Discover your unique calling as a worship leader while building the character foundations necessary for sustainable ministry.",
        "thumbnail_url": "",
        "instructor_id": "admin",
        "category": "Leadership",
        "difficulty_level": "beginner",
        "duration_hours": 3,
        "price": 0,
        "is_published": true,
        "created_at": "2026-02-14 00:00:00",
        "updated_at": "2026-02-14 00:00:00"
    },
    {
        "title": "Module 3: Worship Leadership Practice",
        "description": "Practical skills in leading worship, flow-mapping, and stage presence. Master the art of leading congregational worship with confidence, including set planning, transitions, and engaging your congregation.",
        "thumbnail_url": "",
        "instructor_id": "admin",
        "category": "Worship",
        "difficulty_level": "intermediate",
        "duration_hours": 5,
        "price": 0,
        "is_published": true,
        "created_at": "2026-02-14 00:00:00",
        "updated_at": "2026-02-14 00:00:00"
    },
    {
        "title": "Module 4: Building & Training Teams",
        "description": "Team health diagnostics, rehearsal planning, and coaching conversations. Learn to build, develop, and sustain healthy worship teams through effective leadership and intentional discipleship.",
        "thumbnail_url": "",
        "instructor_id": "admin",
        "category": "Team Building",
        "difficulty_level": "intermediate",
        "duration_hours": 4,
        "price": 0,
        "is_published": true,
        "created_at": "2026-02-14 00:00:00",
        "updated_at": "2026-02-14 00:00:00"
    },
    {
        "title": "Module 5: Assess → Install → Equip → Exit Model",
        "description": "Church assessment, transition planning, and builder posture development. Master the WBC framework for entering a church context, assessing needs, installing systems, equipping leaders, and transitioning out.",
        "thumbnail_url": "",
        "instructor_id": "admin",
        "category": "Church Planting",
        "difficulty_level": "advanced",
        "duration_hours": 4,
        "price": 0,
        "is_published": true,
        "created_at": "2026-02-14 00:00:00",
        "updated_at": "2026-02-14 00:00:00"
    },
    {
        "title": "Module 6: Ethics, Boundaries & Governance",
        "description": "Ethics case studies, financial integrity, and cultural sensitivity. Navigate the complex ethical landscape of ministry leadership with wisdom, establishing healthy boundaries and governance structures.",
        "thumbnail_url": "",
        "instructor_id": "admin",
        "category": "Leadership",
        "difficulty_level": "advanced",
        "duration_hours": 3,
        "price": 0,
        "is_published": true,
        "created_at": "2026-02-14 00:00:00",
        "updated_at": "2026-02-14 00:00:00"
    }
]