[
    {
        "title": "Worship Leader Workshop",
        "description": "A comprehensive 2-day workshop for worship leaders covering team building, song selection, and spiritual leadership. Learn practical skills to elevate your worship ministry.",
        "event_type": "workshop",
        "start_date": "2026-03-15 09:00:00",
        "end_date": "2026-03-16 17:00:00",
        "location": "Nashville, TN",
        "capacity": 50,
        "price": 29900,
        "status": "upcoming",
        "image_url": "https://mgx-backend-cdn.metadl.com/generate/images/719937/2026-02-12/ff3654bd-cd53-4c69-9ab1-428fd21e588e.png",
        "created_at": "2026-02-01 10:00:00",
        "updated_at": "2026-02-01 10:00:00"
    },
    {
        "title": "Church Planting Cohort - Spring 2026",
        "description": "12-week intensive cohort for church planters. Includes weekly coaching calls, strategic planning sessions, and peer networking. Limited to 15 participants.",
        "event_type": "cohort",
        "start_date": "2026-04-01 19:00:00",
        "end_date": "2026-06-24 21:00:00",
        "location": "Online (Zoom)",
        "capacity": 15,
        "price": 149900,
        "status": "upcoming",
        "image_url": "https://mgx-backend-cdn.metadl.com/generate/images/719937/2026-02-12/1fbbd926-6412-4c3e-8b66-29729a3b07be.png",
        "created_at": "2026-01-15 14:00:00",
        "updated_at": "2026-02-05 09:30:00"
    },
    {
        "title": "Building Healthy Systems Webinar",
        "description": "Free 90-minute webinar on creating sustainable church systems. Perfect for pastors looking to streamline operations and reduce burnout.",
        "event_type": "webinar",
        "start_date": "2026-02-25 14:00:00",
        "end_date": "2026-02-25 15:30:00",
        "location": "Online (Zoom)",
        "capacity": 100,
        "price": 0,
        "status": "upcoming",
        "image_url": "https://mgx-backend-cdn.metadl.com/generate/images/719937/2026-02-12/7967b1b9-9d7e-48af-b443-96f4dcee4010.png",
        "created_at": "2026-02-08 11:00:00",
        "updated_at": "2026-02-08 11:00:00"
    },
    {
        "title": "Leadership Development Conference",
        "description": "Annual conference bringing together church leaders for inspiration, training, and networking. Features keynote speakers, breakout sessions, and worship experiences.",
        "event_type": "conference",
        "start_date": "2026-05-20 08:00:00",
        "end_date": "2026-05-22 16:00:00",
        "location": "Dallas, TX",
        "capacity": 200,
        "price": 49900,
        "status": "upcoming",
        "image_url": "https://mgx-backend-cdn.metadl.com/generate/images/719937/2026-02-12/ff3654bd-cd53-4c69-9ab1-428fd21e588e.png",
        "created_at": "2025-12-01 10:00:00",
        "updated_at": "2026-01-20 15:00:00"
    }
]