[
    {
        "title": "The Church Planter's Playbook",
        "description": "A comprehensive guide covering everything from vision casting to launch day logistics for new church plants.",
        "category": "ebook",
        "file_url": "/resources/church-planters-playbook.html",
        "thumbnail_url": "",
        "preview_url": "/resources/church-planters-playbook.html",
        "downloads": 245,
        "is_gated": true,
        "topic": "church planting",
        "audience": "church planters",
        "tags": "church planting, launch, vision, strategy",
        "created_at": "2025-09-15 10:00:00",
        "updated_at": "2026-02-10 08:00:00"
    },
    {
        "title": "Breaking Growth Barriers",
        "description": "Practical strategies for churches hitting attendance plateaus at 100, 200, and 500 members.",
        "category": "guide",
        "file_url": "/resources/breaking-growth-barriers.html",
        "thumbnail_url": "",
        "preview_url": "/resources/breaking-growth-barriers.html",
        "downloads": 189,
        "is_gated": false,
        "topic": "church growth",
        "audience": "pastors",
        "tags": "growth, barriers, attendance, strategy",
        "created_at": "2025-10-01 10:00:00",
        "updated_at": "2026-02-10 08:00:00"
    },
    {
        "title": "Church Launch Checklist",
        "description": "A step-by-step checklist covering 90 days before launch through the first Sunday and beyond.",
        "category": "checklist",
        "file_url": "/resources/church-launch-checklist.html",
        "thumbnail_url": "",
        "preview_url": "/resources/church-launch-checklist.html",
        "downloads": 312,
        "is_gated": false,
        "topic": "church planting",
        "audience": "church planters",
        "tags": "checklist, launch, planning, timeline",
        "created_at": "2025-08-20 10:00:00",
        "updated_at": "2026-02-10 08:00:00"
    },
    {
        "title": "Building Effective Worship Teams",
        "description": "Guide to recruiting, training, and leading worship teams that create transformative experiences.",
        "category": "guide",
        "file_url": "/resources/building-worship-teams.html",
        "thumbnail_url": "",
        "preview_url": "/resources/building-worship-teams.html",
        "downloads": 156,
        "is_gated": false,
        "topic": "worship",
        "audience": "worship leaders",
        "tags": "worship, teams, leadership, training",
        "created_at": "2025-11-05 10:00:00",
        "updated_at": "2026-02-10 08:00:00"
    },
    {
        "title": "Church Strategic Plan Template",
        "description": "A customizable 3-year strategic planning template designed specifically for churches.",
        "category": "template",
        "file_url": "/resources/church-strategic-plan-template.html",
        "thumbnail_url": "",
        "preview_url": "/resources/church-strategic-plan-template.html",
        "downloads": 278,
        "is_gated": true,
        "topic": "leadership",
        "audience": "pastors",
        "tags": "strategy, planning, vision, goals",
        "created_at": "2025-09-28 10:00:00",
        "updated_at": "2026-02-10 08:00:00"
    },
    {
        "title": "Financial Health for Churches",
        "description": "Essential financial management principles and budgeting strategies for church leaders.",
        "category": "guide",
        "file_url": "/resources/financial-health-churches.html",
        "thumbnail_url": "",
        "preview_url": "/resources/financial-health-churches.html",
        "downloads": 134,
        "is_gated": false,
        "topic": "administration",
        "audience": "pastors",
        "tags": "finance, budget, stewardship, management",
        "created_at": "2025-12-01 10:00:00",
        "updated_at": "2026-02-10 08:00:00"
    },
    {
        "title": "Church Budget Template",
        "description": "A detailed annual budget template with categories specific to church operations and ministry.",
        "category": "template",
        "file_url": "/resources/church-budget-template.html",
        "thumbnail_url": "",
        "preview_url": "/resources/church-budget-template.html",
        "downloads": 201,
        "is_gated": false,
        "topic": "administration",
        "audience": "pastors",
        "tags": "budget, template, finance, planning",
        "created_at": "2025-10-15 10:00:00",
        "updated_at": "2026-02-10 08:00:00"
    },
    {
        "title": "Engaging Worship Experiences",
        "description": "How to design worship services that connect with diverse congregations and create lasting impact.",
        "category": "ebook",
        "file_url": "/resources/engaging-worship-experiences.html",
        "thumbnail_url": "",
        "preview_url": "/resources/engaging-worship-experiences.html",
        "downloads": 167,
        "is_gated": true,
        "topic": "worship",
        "audience": "worship leaders",
        "tags": "worship, engagement, design, experience",
        "created_at": "2025-11-20 10:00:00",
        "updated_at": "2026-02-10 08:00:00"
    },
    {
        "title": "Worship Service Planning Template",
        "description": "A weekly worship service planning template with sections for music, message, and creative elements.",
        "category": "template",
        "file_url": "/resources/worship-service-planning-template.html",
        "thumbnail_url": "",
        "preview_url": "/resources/worship-service-planning-template.html",
        "downloads": 223,
        "is_gated": false,
        "topic": "worship",
        "audience": "worship leaders",
        "tags": "worship, planning, template, service",
        "created_at": "2025-10-25 10:00:00",
        "updated_at": "2026-02-10 08:00:00"
    },
    {
        "title": "Worship Team Audition Checklist",
        "description": "A structured audition process checklist for evaluating potential worship team members.",
        "category": "checklist",
        "file_url": "/resources/worship-team-audition-checklist.html",
        "thumbnail_url": "",
        "preview_url": "/resources/worship-team-audition-checklist.html",
        "downloads": 98,
        "is_gated": false,
        "topic": "worship",
        "audience": "worship leaders",
        "tags": "audition, checklist, worship, recruitment",
        "created_at": "2026-01-10 10:00:00",
        "updated_at": "2026-02-10 08:00:00"
    }
]